{
  "creds": {
    "noiseKey": {
      "private": {
        "type": "Buffer",
        "data": "0EQOonTrDav6K4PD8k9rQbx8fObO+Z75opBWmcTY92g="
      },
      "public": {
        "type": "Buffer",
        "data": "q8bEnMrcJxloQQu34xVoNg7YbHXsgz5F89Xp/nNX5Q4="
      }
    },
    "signedIdentityKey": {
      "private": {
        "type": "Buffer",
        "data": "AInx6BwvCdn6C5puLTAn00cKZxfWiFZfjbGrOcl/Jk8="
      },
      "public": {
        "type": "Buffer",
        "data": "l6qlXP3KT73GiiriJvCdPv5nQvw8g16qUsRhqBufOyY="
      }
    },
    "signedPreKey": {
      "keyPair": {
        "private": {
          "type": "Buffer",
          "data": "qIxBw36rcIQt5r1DzS+bacE7V95DqtPQFcZGIMcoT0U="
        },
        "public": {
          "type": "Buffer",
          "data": "I8DGh6+zvz85YeVbQSI9gKPnr6lWzF5syoXe7nL2ogw="
        }
      },
      "signature": {
        "type": "Buffer",
        "data": "4hVf77QNQjcwO6dplapZNqyx9Y4uYe9xU+H5APgv3xwAR9ToV7DDH09ixzsjhbrPHnwJBHtP4ubSeNBNzQXwhA=="
      },
      "keyId": 1
    },
    "registrationId": 5,
    "advSecretKey": "koPhl/4WGXMYCk3+s/DkjXMF1JB5LO+d3Mo5QTj7fks=",
    "processedHistoryMessages": [
      {
        "key": {
          "remoteJid": "558585389149@s.whatsapp.net",
          "fromMe": true,
          "id": "9F37B5E6FF379261850142FE510B4978"
        },
        "messageTimestamp": 1661084931
      },
      {
        "key": {
          "remoteJid": "558585389149@s.whatsapp.net",
          "fromMe": true,
          "id": "35F17E06C4A2B07845B28F94171567D6"
        },
        "messageTimestamp": 1661084931
      },
      {
        "key": {
          "remoteJid": "558585389149@s.whatsapp.net",
          "fromMe": true,
          "id": "665B37566C5842EFD6840C3646F717D7"
        },
        "messageTimestamp": 1661084933
      }
    ],
    "nextPreKeyId": 34,
    "firstUnuploadedPreKeyId": 34,
    "accountSettings": {
      "unarchiveChats": false
    },
    "account": {
      "details": "CK3k+NQFEP/JiJgGGAM=",
      "accountSignatureKey": "mJhesTtYdwzAde/Ks640YDJVOb1dPMLfpSFT3hfapzY=",
      "accountSignature": "K0JQtDU8FDO94QhkymGfIii5MYZYhefAwJn+aY8oPzY/BHgph+UQ8wDtBUETYqWgRvr/FzccHdzQsD6oGY+kAw==",
      "deviceSignature": "zUUgFlpsbZlxNjbLC17BAXU01f2FcVIYNltL72sFnH7RzuMue4ezJCZy2iuZak5v2my+oEJlVTjozz/NjG2pjQ=="
    },
    "me": {
      "id": "558585389149:29@s.whatsapp.net",
      "name": "WILL"
    },
    "signalIdentities": [
      {
        "identifier": {
          "name": "558585389149:29@s.whatsapp.net",
          "deviceId": 0
        },
        "identifierKey": {
          "type": "Buffer",
          "data": "BZiYXrE7WHcMwHXvyrOuNGAyVTm9XTzC36UhU94X2qc2"
        }
      }
    ],
    "platform": "android",
    "lastAccountSyncTimestamp": 1661084954,
    "myAppStateKeyId": "AAAAANy0"
  },
  "keys": {
    "preKeys": {
      "1": {
        "private": {
          "type": "Buffer",
          "data": "4LLYVHVeuG9KC2H9bjXtDy3ZMpHF1VN6LcJb20OW71w="
        },
        "public": {
          "type": "Buffer",
          "data": "SWpSbbC4cqCDvNohhKdcnglPt9hT9Az9ADNEHCbCKyw="
        }
      },
      "2": {
        "private": {
          "type": "Buffer",
          "data": "yOIZBSEnTgEC0XuVEkXNsmFBs7cf3R/Q9qTl+TosJWU="
        },
        "public": {
          "type": "Buffer",
          "data": "2yIOGw7MWCXycIN8hk+UTMB5oC6v7v5cjA6YwkXx+iA="
        }
      },
      "3": null,
      "4": {
        "private": {
          "type": "Buffer",
          "data": "iHUAL3bqgvl3jrilSgsP5ZJ9a2jLLCmUikPyo0GKKW4="
        },
        "public": {
          "type": "Buffer",
          "data": "OyuYqRUK8OmnbTwwdSxvpjeKtYzjQUX+XU0/kyPKN1Q="
        }
      },
      "5": {
        "private": {
          "type": "Buffer",
          "data": "0HMLG+0A9qQDGoYd2fbH9o4fXRuIL1Q/VSkCmkww4Gc="
        },
        "public": {
          "type": "Buffer",
          "data": "irfULprVxagT7xgViWo1w1pS9eKMAk98TLM5Ys9urms="
        }
      },
      "6": {
        "private": {
          "type": "Buffer",
          "data": "II9j2zkNmliNLf+VZCAE313otGYsfQUbiulJToLPvVc="
        },
        "public": {
          "type": "Buffer",
          "data": "AWf7Q75VvsqobTNx9XJcTG5juaO7KprkdCLk30Dp7ls="
        }
      },
      "7": {
        "private": {
          "type": "Buffer",
          "data": "YOd5vp3AW85cNH5//WuNJeKRHU2ZOwIJIizA+KUyG2M="
        },
        "public": {
          "type": "Buffer",
          "data": "IjZ5QdKrSR/kyOritppybAR4xjtvK7nsGiiSf1i+cEw="
        }
      },
      "8": {
        "private": {
          "type": "Buffer",
          "data": "SCWWIGahdCRRPJX8hD/WOW4uTbtOsacB280P4B2XhHY="
        },
        "public": {
          "type": "Buffer",
          "data": "DQ5jlbFLNd4wGkZESdVUxoOxKWv2rQ2DMIXra46MHzk="
        }
      },
      "9": {
        "private": {
          "type": "Buffer",
          "data": "4Pe2zUqkd9txSvSKMRpwlPxcCmls46NdpaIcBSPAn3s="
        },
        "public": {
          "type": "Buffer",
          "data": "4hO4I4h7VWQVSeumBBVH7kE//yxsFHXiwwb8ueAhvkA="
        }
      },
      "10": null,
      "11": {
        "private": {
          "type": "Buffer",
          "data": "4HfGE1eoGMNqrqTFGAxckUCViVJ0lZqkCHbMqzalaFY="
        },
        "public": {
          "type": "Buffer",
          "data": "eE/GN5vSypQ+x+hdBaEqxhA5MgLtC9AbxuepStyqgTA="
        }
      },
      "12": {
        "private": {
          "type": "Buffer",
          "data": "cJzi2OKyWvyLdrpOlJPmyWdAtz5n0zGbSYvBkm4jnn8="
        },
        "public": {
          "type": "Buffer",
          "data": "vtRDhkS/5wpdb3da77OMF0HCk1YoJKo+Ecw+1HD6wQQ="
        }
      },
      "13": {
        "private": {
          "type": "Buffer",
          "data": "yISTLVJIMHiGVfBUeTMJehXKfipII7mLSwmzste6xFo="
        },
        "public": {
          "type": "Buffer",
          "data": "T+RryU6p1M7i0MbT5eS/2osfwcTEns60KR61YVRwtDQ="
        }
      },
      "14": {
        "private": {
          "type": "Buffer",
          "data": "oM609uWgm/PfO0bmQGATXCCrnZ6EuD8k08sXCou9D3w="
        },
        "public": {
          "type": "Buffer",
          "data": "q6dXbJGTPzvKm2HHOfGl2zXU92TpgKW3tP1Jfl7hV2M="
        }
      },
      "15": {
        "private": {
          "type": "Buffer",
          "data": "8NQ84FdiRGy9elcCwMrRHsTkXnfHkajg1ycAbrLAEHI="
        },
        "public": {
          "type": "Buffer",
          "data": "43hZUxsbygTjd+tAIYhB38J4XVSN59mv3EhDtmNPXHE="
        }
      },
      "16": null,
      "17": {
        "private": {
          "type": "Buffer",
          "data": "mAR27D0AZQx8HP4WdDdI3AyCOvzX8BWZEvCKnZtvqk0="
        },
        "public": {
          "type": "Buffer",
          "data": "/3Urwjlptz9ZKxG5wDCgI79SUuNQ1PNrvkFWSwJC/wE="
        }
      },
      "18": {
        "private": {
          "type": "Buffer",
          "data": "UAQFmZAEhiPt3NGYHIdaytG1a3fKj2NwSLinydQf3U4="
        },
        "public": {
          "type": "Buffer",
          "data": "yiBSnp3c+dD7WvEOClbSc4fDbP4AVW7OtLA08Brx0SE="
        }
      },
      "19": {
        "private": {
          "type": "Buffer",
          "data": "YE1snxQm+PLqiqXsu7Bah62hpjkYchXSOfdOHRZ8JU4="
        },
        "public": {
          "type": "Buffer",
          "data": "INg57c6Fai7XaAv/av54pv8wY+X8fA6+6EZBM/QPK2g="
        }
      },
      "20": {
        "private": {
          "type": "Buffer",
          "data": "gB3/diV+nA2JY0nzPFyvttw4ibbNKB+N7ASsmRBZd3o="
        },
        "public": {
          "type": "Buffer",
          "data": "xGQoY4/yi6OBsNFy6/Ga8KX8ZRSK7ioMViIOItMnknw="
        }
      },
      "21": {
        "private": {
          "type": "Buffer",
          "data": "2CO1SVN7z0l7n/DP0TMUSrHJkKQogWWirOiNllK4nEU="
        },
        "public": {
          "type": "Buffer",
          "data": "66D+DOfarN7fSNgpwcBRyxnWcn50bgJ5kML2Wc0RcQ4="
        }
      },
      "22": {
        "private": {
          "type": "Buffer",
          "data": "mIWGb6/QEhx50skWxLxbbbcGk6wqTn0XV7pM9KJ90k0="
        },
        "public": {
          "type": "Buffer",
          "data": "dn1Nq/UDKVTMRwqZaiVVpW56shI0yCOtAxOgbFbqCHs="
        }
      },
      "23": {
        "private": {
          "type": "Buffer",
          "data": "sE9OBTmGwNwuoEV2bhtUTivxr7F4Sjwt40LRsFqYG0A="
        },
        "public": {
          "type": "Buffer",
          "data": "b8uYr3J4h6A3EmUhssWoAEKB4p4bVchJWkNx6Fzjh00="
        }
      },
      "24": {
        "private": {
          "type": "Buffer",
          "data": "eA3tgT+mXh3y4QsIDZT7KXSgCi6tJp7yRZVbsDvv/lI="
        },
        "public": {
          "type": "Buffer",
          "data": "y6cCuhppj6CGVpXSYMrevHSvig/7f8JE+XfQcOelg3U="
        }
      },
      "25": {
        "private": {
          "type": "Buffer",
          "data": "iHcs4yo2QPON+1DQd/kSXT9ueZYYjvMsq7w9zQepRGU="
        },
        "public": {
          "type": "Buffer",
          "data": "0V9qGYTE2IaR2gG4y5g1N2Wn/A8VkB4hKJz60O7n/m0="
        }
      },
      "26": {
        "private": {
          "type": "Buffer",
          "data": "wMlgPkGxfOAItQyTMg84Rrc8uyOmvO6ccB3Y7JfZwWs="
        },
        "public": {
          "type": "Buffer",
          "data": "4R16Ml4tEKs4aS0f0bP3PKbc/RfHhtebtgUIoSi0lns="
        }
      },
      "27": null,
      "28": {
        "private": {
          "type": "Buffer",
          "data": "eLunxuRx10RtdP36kfkRLKZz9pwz/f/uvNbsZYfliHI="
        },
        "public": {
          "type": "Buffer",
          "data": "uD0jvM6GkMlA89dS7pXy6sg4hrLZR0trw+SJR16cfnE="
        }
      },
      "29": {
        "private": {
          "type": "Buffer",
          "data": "gG+dYdk+w6iLyH6dWCVePCEkkx5Y5ZCLSrWzbK1K4Hc="
        },
        "public": {
          "type": "Buffer",
          "data": "/UKOAzAwLR3upmykUWkKtFBlw+3ypfDduAGMVK8PLC8="
        }
      },
      "30": {
        "private": {
          "type": "Buffer",
          "data": "+LgNmQcYJyL95TwRlmOivjNDDs41UeJkbYhnGptmJUU="
        },
        "public": {
          "type": "Buffer",
          "data": "tE/2NOYKdHQt/kH5OOB3guwIKF7r5vuc3OEJscwlVzU="
        }
      },
      "31": null,
      "32": null,
      "33": null
    },
    "sessions": {
      "558585389149.0": {
        "_sessions": {
          "BdPg/pTneC35DfVQnI2w1oBWW1Q9HDTRaJH86kDCYP12": {
            "registrationId": 227039991,
            "currentRatchet": {
              "ephemeralKeyPair": {
                "pubKey": "BT2hGwTFHue91ntbo6sW6FPinpRlWZ7RWc8pVxVF1rcK",
                "privKey": "sDgI5ptp+nsfr5sCVQrS1fXEN1UsqGgiqCDZ7oO893c="
              },
              "lastRemoteEphemeralKey": "BctQM1E3OSrnT61PsXoNJ9oaeygcwj2jMjY3I7u0Op5/",
              "previousCounter": 7,
              "rootKey": "wQxTli1qn+LUdcC6yaGLleQz2jhXoQU3rtAmaZ+Iu8Q="
            },
            "indexInfo": {
              "baseKey": "BdPg/pTneC35DfVQnI2w1oBWW1Q9HDTRaJH86kDCYP12",
              "baseKeyType": 2,
              "closed": 1661293963036,
              "used": 1661085567819,
              "created": 1661084931694,
              "remoteIdentityKey": "BZiYXrE7WHcMwHXvyrOuNGAyVTm9XTzC36UhU94X2qc2"
            },
            "_chains": {
              "BVFhXCLa3QYb0uZjwODTgWMxcAM4CkqsaHMUHMOibIY7": {
                "chainKey": {
                  "counter": 6
                },
                "chainType": 2,
                "messageKeys": {}
              },
              "BctQM1E3OSrnT61PsXoNJ9oaeygcwj2jMjY3I7u0Op5/": {
                "chainKey": {
                  "counter": 0,
                  "key": "iG97qAP46M/LmEbxw+TL3/mdsE8XCcIobklAtCOuZ8o="
                },
                "chainType": 2,
                "messageKeys": {}
              },
              "BT2hGwTFHue91ntbo6sW6FPinpRlWZ7RWc8pVxVF1rcK": {
                "chainKey": {
                  "counter": 3,
                  "key": "+t62fPn+Ziq1aQioKNNqlHHAB9DpwsRrSSQNm7Jx8Tc="
                },
                "chainType": 1,
                "messageKeys": {}
              }
            }
          },
          "BVPf7eGyCYg9EoTWgvSqD7pHQBSr7oZMQcrq83VUh35G": {
            "registrationId": 227039991,
            "currentRatchet": {
              "ephemeralKeyPair": {
                "pubKey": "BXYO5hmL2Z8NmEnoZpRFoZaNBt4SB5tlLZFxiWeR5hYL",
                "privKey": "yExSSCFoUa4khcLXTqxM2tj34Z7yVgePg/ZB+RhMjG8="
              },
              "lastRemoteEphemeralKey": "BVsBs++9LdgtUavywiO6DandmNM/rw9Olg6YQJwBF64c",
              "previousCounter": 0,
              "rootKey": "X2doXMDgn3PXRKhE0WvhQvbLxmlUqj5VEC2kX/kLEB0="
            },
            "indexInfo": {
              "baseKey": "BVPf7eGyCYg9EoTWgvSqD7pHQBSr7oZMQcrq83VUh35G",
              "baseKeyType": 1,
              "closed": -1,
              "used": 1661298504858,
              "created": 1661293963026,
              "remoteIdentityKey": "BZiYXrE7WHcMwHXvyrOuNGAyVTm9XTzC36UhU94X2qc2"
            },
            "_chains": {
              "Bb5WP0sdxBKGNDKUXs3KPQ+htkUl1IpPsZJn5UvqFlNd": {
                "chainKey": {
                  "counter": 0
                },
                "chainType": 2,
                "messageKeys": {}
              },
              "BbWnNPR/+fulQazJ6h3+tBkaNbe+guAYfHNkYHxZTEE1": {
                "chainKey": {
                  "counter": 0
                },
                "chainType": 2,
                "messageKeys": {}
              },
              "BdoL47OEyvH7WIAAFwLumnQTwS1PIHsqFG8H8mAN9p8D": {
                "chainKey": {
                  "counter": 0
                },
                "chainType": 2,
                "messageKeys": {}
              },
              "BaKW61/+QxSAJfAF+QmOZzpg3rtq+06Cw2dkJOC9n0sX": {
                "chainKey": {
                  "counter": 0
                },
                "chainType": 2,
                "messageKeys": {}
              },
              "BX535LdcJdA3Pa7jpe/fFXXBjy9CUnW032UAOzuLDj4m": {
                "chainKey": {
                  "counter": 0
                },
                "chainType": 2,
                "messageKeys": {}
              },
              "BapjGA63cGcc8shdB44g+tKWmFsPuxa1aHvFF+OR2KMG": {
                "chainKey": {
                  "counter": 0
                },
                "chainType": 2,
                "messageKeys": {}
              },
              "BcbtwWTVCU4SJPWJRt8qhyE9ijZuOKYyKbEF9hc5UGBK": {
                "chainKey": {
                  "counter": 0
                },
                "chainType": 2,
                "messageKeys": {}
              },
              "BY4bAYHkPQbmFyCRyFnKx0Us80fcOI22Q9W7lbEua8Zp": {
                "chainKey": {
                  "counter": 0
                },
                "chainType": 2,
                "messageKeys": {}
              },
              "BY/5nqT6exgKcXeAZFA7pfsdDMXemz1U4n70xRWoCFFn": {
                "chainKey": {
                  "counter": 0
                },
                "chainType": 2,
                "messageKeys": {}
              },
              "BbVaKR5SdiiXep2bT2rlkeDcSjQdn4GJd4EpVmg8tuZ8": {
                "chainKey": {
                  "counter": 0
                },
                "chainType": 2,
                "messageKeys": {}
              },
              "BWMdQUy/OB5f5Cj0CehZBPg7Q6IpDEYfaM/1lRFxGIwR": {
                "chainKey": {
                  "counter": 1
                },
                "chainType": 2,
                "messageKeys": {}
              },
              "BVsBs++9LdgtUavywiO6DandmNM/rw9Olg6YQJwBF64c": {
                "chainKey": {
                  "counter": 0,
                  "key": "Vy4pzTZurMLSTE/dw+9ELsD4c7kIR7J07vLZRownLIk="
                },
                "chainType": 2,
                "messageKeys": {}
              },
              "BXYO5hmL2Z8NmEnoZpRFoZaNBt4SB5tlLZFxiWeR5hYL": {
                "chainKey": {
                  "counter": 0,
                  "key": "u5T6QpM/628qmOZyJSJqgsmPeamt1jNNcpsz9xIyl40="
                },
                "chainType": 1,
                "messageKeys": {}
              }
            }
          }
        },
        "version": "v1"
      },
      "558598255737.0": {
        "_sessions": {
          "BZi3kDxbGles12lYxhBwCXO9cO7luMdOHCB97PhT6skn": {
            "registrationId": 1433594030,
            "currentRatchet": {
              "ephemeralKeyPair": {
                "pubKey": "BaRCar8W9BLRxBlSQCBOAcKvY/SGSytGkhNgFo01d3A6",
                "privKey": "AMMwDzcIJQJRaoQoLRZR/TiVGiJ3N+XmcAynf4ov5mw="
              },
              "lastRemoteEphemeralKey": "BV7kyRZVzTK13IXQ7go6l2NIXqjYLpbQx7Q7ovCm42Yk",
              "previousCounter": 1,
              "rootKey": "tVa3+lRGKxpo6P9bbamLHkO1s297pMLfrVltVonRiwI="
            },
            "indexInfo": {
              "baseKey": "BZi3kDxbGles12lYxhBwCXO9cO7luMdOHCB97PhT6skn",
              "baseKeyType": 2,
              "closed": 1661190582161,
              "used": 1661085586334,
              "created": 1661085011737,
              "remoteIdentityKey": "BSfQCS+Zfqfh5/IV3mAMUMDoxvtCd/oRPGSX5vVPUM5U"
            },
            "_chains": {
              "Bet3OznSCxifuJFaJFQrbUH8fmzeGf+OWJJ8kkAwbfcq": {
                "chainKey": {
                  "counter": 0
                },
                "chainType": 2,
                "messageKeys": {}
              },
              "BfLTHggmCQYF/hxx5m4+5MNVGfbI/4CAAiCk/fYXLU17": {
                "chainKey": {
                  "counter": 0
                },
                "chainType": 2,
                "messageKeys": {}
              },
              "BbljtvZIJwlqqlJVZpgxVONwj/ukcDSUIXxLLfXrrg1a": {
                "chainKey": {
                  "counter": 0
                },
                "chainType": 2,
                "messageKeys": {}
              },
              "BdIoP7JrrmQSmO3o5FQrqam+zs1ynIsSdd+Ubv7L5GI5": {
                "chainKey": {
                  "counter": 0
                },
                "chainType": 2,
                "messageKeys": {}
              },
              "BS+eYlIgpabilazWFLq/o3alDzc6iicGEO5KzY+mzIJf": {
                "chainKey": {
                  "counter": 0
                },
                "chainType": 2,
                "messageKeys": {}
              },
              "BYYsup0DgfC821l5DYBIU4Lyz6Bv7OT09Bw+1QWiDwx3": {
                "chainKey": {
                  "counter": 0
                },
                "chainType": 2,
                "messageKeys": {}
              },
              "BbRtak6n2oeofYMfy9UZKyiNrfKugHaaGIk38aTm8RR4": {
                "chainKey": {
                  "counter": 0
                },
                "chainType": 2,
                "messageKeys": {}
              },
              "BV7kyRZVzTK13IXQ7go6l2NIXqjYLpbQx7Q7ovCm42Yk": {
                "chainKey": {
                  "counter": 0,
                  "key": "Wu7G0DSLc1MhYMP0n7oX2w6e+VtR4sXRXqvI2WOBUjU="
                },
                "chainType": 2,
                "messageKeys": {}
              },
              "BaRCar8W9BLRxBlSQCBOAcKvY/SGSytGkhNgFo01d3A6": {
                "chainKey": {
                  "counter": 0,
                  "key": "LEwx6aWnHQdhpj7fWDD4RKtvc544xbtVrWEP/W4+GxY="
                },
                "chainType": 1,
                "messageKeys": {}
              }
            }
          },
          "BcNfPsrOLEQd0LyICX+GUtmEwz1kp1qHqYl++yOPtXt+": {
            "registrationId": 1433594030,
            "currentRatchet": {
              "ephemeralKeyPair": {
                "pubKey": "BUxuCS4RZk/SS7COwxhF6uGvTMGIuqakC4OGgZF6sDoL",
                "privKey": "ON7Erv3OxoeHeVj6KVfIqHhBe2G8CZHbPOwS9AAwsnw="
              },
              "lastRemoteEphemeralKey": "BaDlCKfRuF2Ic73NW46zeVtU5gilymPtoKQeFk+kdhB9",
              "previousCounter": 0,
              "rootKey": "/i7BJIkZVYQe2jR1ThmL4ynVwpvUWoeEhLyaQW6V5tM="
            },
            "indexInfo": {
              "baseKey": "BcNfPsrOLEQd0LyICX+GUtmEwz1kp1qHqYl++yOPtXt+",
              "baseKeyType": 2,
              "closed": 1661294036880,
              "used": 1661190582183,
              "created": 1661190582183,
              "remoteIdentityKey": "BSfQCS+Zfqfh5/IV3mAMUMDoxvtCd/oRPGSX5vVPUM5U"
            },
            "_chains": {
              "BaDlCKfRuF2Ic73NW46zeVtU5gilymPtoKQeFk+kdhB9": {
                "chainKey": {
                  "counter": 0,
                  "key": "NjQXhfI+vTqAVtdjsYcuqs2PWnuYPUbilVJZ+h7NjB4="
                },
                "chainType": 2,
                "messageKeys": {}
              },
              "BUxuCS4RZk/SS7COwxhF6uGvTMGIuqakC4OGgZF6sDoL": {
                "chainKey": {
                  "counter": 1,
                  "key": "wDx/spAwzaXnGamAze9/NTrqcqzGzig9hijcXhlgh1M="
                },
                "chainType": 1,
                "messageKeys": {}
              }
            }
          },
          "BQghU9tc6cSV2B3dUJmMxs3StUZuxrTBZlrtGc7+NLYV": {
            "registrationId": 1433594030,
            "currentRatchet": {
              "ephemeralKeyPair": {
                "pubKey": "BWGDEJ5Sav8y69Oh2BoOj26kKHdSfwWYJTeRx84kwPQQ",
                "privKey": "ED8UQ8AEjjBynau4B6N3UJwXAFTWrgsWv6YwVaHnAVk="
              },
              "lastRemoteEphemeralKey": "BU6geOOo0gMJTfGjnPnOmUtqPUEFw7iSq0ZGdqmziMMX",
              "previousCounter": 3,
              "rootKey": "1oqEiDF5kapWgLhEruFm0hTMCuymu6h77GkIOtPkSZ4="
            },
            "indexInfo": {
              "baseKey": "BQghU9tc6cSV2B3dUJmMxs3StUZuxrTBZlrtGc7+NLYV",
              "baseKeyType": 2,
              "closed": -1,
              "used": 1661298453242,
              "created": 1661294036904,
              "remoteIdentityKey": "BSfQCS+Zfqfh5/IV3mAMUMDoxvtCd/oRPGSX5vVPUM5U"
            },
            "_chains": {
              "BQPFeRhGDmo2OAvFlt0zGmsm5zMEwQMarXdEljo1NSYE": {
                "chainKey": {
                  "counter": 0
                },
                "chainType": 2,
                "messageKeys": {}
              },
              "BX6ib7omnP929KLm2fh7x1xKT6Zn3Lv3UbnuYHHqJN0t": {
                "chainKey": {
                  "counter": 0
                },
                "chainType": 2,
                "messageKeys": {}
              },
              "BTg+pBI9mFrNb9/sGjGHu5fALtG1ZUbhvmVOGWMTH9Va": {
                "chainKey": {
                  "counter": 5
                },
                "chainType": 2,
                "messageKeys": {}
              },
              "BSvBvFY4PmC1uxPnpJ5fsMxPDrpB3+62Mv6xYri55Zpn": {
                "chainKey": {
                  "counter": 0
                },
                "chainType": 2,
                "messageKeys": {}
              },
              "BQaSRuy2j8QnRmrPEFWFkjJGyXWlTC6TCNRHHmBS/810": {
                "chainKey": {
                  "counter": 3
                },
                "chainType": 2,
                "messageKeys": {}
              },
              "BaIfT/r8+hpt2pQdw8Xr0zRN5PYqsxbI9SFo2JY5rTIG": {
                "chainKey": {
                  "counter": 0
                },
                "chainType": 2,
                "messageKeys": {}
              },
              "Bf3+xTaL08WfIwv+NkOb2ABUSDUsT82SsaVJrtEvwpZv": {
                "chainKey": {
                  "counter": 0
                },
                "chainType": 2,
                "messageKeys": {}
              },
              "BVkoU03QLgCHt5zkZU0ZX0drIr0pfwJ5FFYjyjiPJzVz": {
                "chainKey": {
                  "counter": 0
                },
                "chainType": 2,
                "messageKeys": {}
              },
              "BTqIRnJBajsf6UuMJ0lKAc8BfCNFjTvAuFSd9rFZwe1o": {
                "chainKey": {
                  "counter": 0
                },
                "chainType": 2,
                "messageKeys": {}
              },
              "BS8hZd4UTFYd2MUpwhk/eEnvyEBY5cA+y3Mu+8+TXjYQ": {
                "chainKey": {
                  "counter": 1
                },
                "chainType": 2,
                "messageKeys": {}
              },
              "BU21X4Vwn8X0L/+moVFyIbEjVsMpl7PUKEBUz4C7IwsW": {
                "chainKey": {
                  "counter": 0
                },
                "chainType": 2,
                "messageKeys": {}
              },
              "BbitZSxLcFkxxgdncPw1G7FtmgBLzJOKdWeZySDSRRVa": {
                "chainKey": {
                  "counter": 0
                },
                "chainType": 2,
                "messageKeys": {}
              },
              "BbJ9a4Qp6YsstHlOgPZUE+1TtzIuPDMvpYJaHfHI/ux5": {
                "chainKey": {
                  "counter": 0
                },
                "chainType": 2,
                "messageKeys": {}
              },
              "Baz5x6o1NCzt8Ddy5XvYRzHfGwAcQ+w5VJ2qxdc5E8sZ": {
                "chainKey": {
                  "counter": 0
                },
                "chainType": 2,
                "messageKeys": {}
              },
              "BZMBxtJv26zJ+GjRa2hJTH2xozMQLqQP5Qq2ptfzhgo6": {
                "chainKey": {
                  "counter": 0
                },
                "chainType": 2,
                "messageKeys": {}
              },
              "BU6geOOo0gMJTfGjnPnOmUtqPUEFw7iSq0ZGdqmziMMX": {
                "chainKey": {
                  "counter": 0,
                  "key": "ix5DQL5eJWlraR06RjfAB4oAhw8L45PR+s0yWLS+Tro="
                },
                "chainType": 2,
                "messageKeys": {}
              },
              "BWGDEJ5Sav8y69Oh2BoOj26kKHdSfwWYJTeRx84kwPQQ": {
                "chainKey": {
                  "counter": 2,
                  "key": "mW28ERaG1aQzGJ5/n3itCtJ6ZuAYbG4zKqYGxPn4NX0="
                },
                "chainType": 1,
                "messageKeys": {}
              }
            }
          }
        },
        "version": "v1"
      },
      "558585389149:28.0": {
        "_sessions": {
          "BaFDB+52ZiDTxaEyX0knO8gXxGHiYcEF5I7izziLD/96": {
            "registrationId": 129,
            "currentRatchet": {
              "ephemeralKeyPair": {
                "pubKey": "BQhqCXMry00JEePXQkW2ueYny3flgU+LLaSStwTEN5Qf",
                "privKey": "wFJPARxI6p0Nji4kGTJOpC9PlMPFeIR/IIIM/fukLEo="
              },
              "lastRemoteEphemeralKey": "Bb02q5qvqE+7OymJzPPoGrvP3Y3mK4qeu0gD8sr/e5Jt",
              "previousCounter": 0,
              "rootKey": "shzqZi08kIvI0LNEBPWDBwZ1KCStm3ftW5cMLjVS3wc="
            },
            "indexInfo": {
              "baseKey": "BaFDB+52ZiDTxaEyX0knO8gXxGHiYcEF5I7izziLD/96",
              "baseKeyType": 1,
              "closed": -1,
              "used": 1661085012567,
              "created": 1661085012567,
              "remoteIdentityKey": "BYSuV5HEyj6a6j/I2QUIuXsuJtf3cdmsGpaUReR+h25t"
            },
            "_chains": {
              "BQhqCXMry00JEePXQkW2ueYny3flgU+LLaSStwTEN5Qf": {
                "chainKey": {
                  "counter": 55,
                  "key": "YAlf8NKMt8godhPWKNo1UGccyjd3j85RzoXaqQk+eDk="
                },
                "chainType": 1,
                "messageKeys": {}
              }
            },
            "pendingPreKey": {
              "signedKeyId": 1,
              "baseKey": "BaFDB+52ZiDTxaEyX0knO8gXxGHiYcEF5I7izziLD/96",
              "preKeyId": 23
            }
          }
        },
        "version": "v1"
      },
      "558599568848.0": {
        "_sessions": {
          "BfmtT3jMfrgFBCLp2/jb9NaHThCgDwNFAldQOCJ41l50": {
            "registrationId": 1196555440,
            "currentRatchet": {
              "ephemeralKeyPair": {
                "pubKey": "Bc2t2Qi8UnPJFBukeXONSnlluyhYgnR5trY4J9N362dk",
                "privKey": "qKDpEeZ5jOB4cS3xckik2lBL2TWuWmLpQypF4GKmfks="
              },
              "lastRemoteEphemeralKey": "BdkaqxKjYwodNMYb0mWISDIYKOgJztjPf6qB9GjZ5YNi",
              "previousCounter": 0,
              "rootKey": "sEArHglJlqb9jwo4ZNZBfXgu9QjTs292qsl2U5YIkPo="
            },
            "indexInfo": {
              "baseKey": "BfmtT3jMfrgFBCLp2/jb9NaHThCgDwNFAldQOCJ41l50",
              "baseKeyType": 2,
              "closed": -1,
              "used": 1661086585275,
              "created": 1661086585275,
              "remoteIdentityKey": "BY0J3IcLC0AWTpRjcYcXInYAN/nBD8uW+snE3guB5ntQ"
            },
            "_chains": {
              "BdkaqxKjYwodNMYb0mWISDIYKOgJztjPf6qB9GjZ5YNi": {
                "chainKey": {
                  "counter": 16,
                  "key": "kV7mz0UkqaO3tCILb/7F+e8dhAL/Gw01QmvkjXQAseo="
                },
                "chainType": 2,
                "messageKeys": {
                  "1": "BBCtBPeh2esLy4mZhp3iBknZvYn5Tu7WMYbNVbPVVbY=",
                  "2": "GSElpHgfRMKhqiTFtgDddlzPXQCYoYPHbWdZYMDqIFU=",
                  "3": "Z2Gp5aMbGO6SfaOtzucT/X3h/lQSeBKN6i5ITu3w1Zg=",
                  "4": "nE1BOOFRHWX1FMupawy074mKyvIoSPFFvGklWWrO9x0=",
                  "5": "v1ZqROZmQQR7/uwTxULbf963gBb+W4P3B5DukvQhu3c=",
                  "6": "+PxKhEhPPpiwE0QSKVcKcsk7d5r816kN2STzA0wKm3o=",
                  "7": "hlfXTbF+ugLBHFtMTJtcCKoqtd//FZUyb6dndYuDLuc=",
                  "8": "dPEZM4AnX41LfrinDEN4Pus8eFPexvHe58+evqGVTYE=",
                  "9": "gW52GL4IpCIljBYm7TtRme8hKHH6DxhWjO4S0lszZak=",
                  "10": "MUqYFiS7db8KkaTaItCAF+OU43WfxZkCSMhBha3Hq2A=",
                  "11": "662azCDnY0Fu8fRyCSiyBrOpCN0OIaThhdIU+OqISQE=",
                  "12": "z74R/0ZmxDsIVMyUZfjWFmabxEdQe7f+o1dw82SotQg=",
                  "13": "D0N/Eyfu0ZHyxWQpF3BBKN7dAnXxVKLG4AJoKySHxjU="
                }
              },
              "Bc2t2Qi8UnPJFBukeXONSnlluyhYgnR5trY4J9N362dk": {
                "chainKey": {
                  "counter": -1,
                  "key": "3gL2V3v09TBfOnnIEjFaBBVOvduCmW9ujxTUV/WUIP0="
                },
                "chainType": 1,
                "messageKeys": {}
              }
            }
          }
        },
        "version": "v1"
      },
      "558587979801.0": {
        "_sessions": {
          "BcegqGCouw73WTaWNZVO+RsPql4uJUV8B/GOWUneq/Rf": {
            "registrationId": 192932377,
            "currentRatchet": {
              "ephemeralKeyPair": {
                "pubKey": "BVJdqUh5GDXbfKbkAF3uzhBZqjSvX8un0GxVoB/yd2Na",
                "privKey": "wBKBmEDR84z21S/J0IGMgcNOSfyHn6Mj5EDSNrFF2kw="
              },
              "lastRemoteEphemeralKey": "BcOCplo5qwzxhUK/3OqL1prjG0yvgOzp2f1R++RaEqp1",
              "previousCounter": 0,
              "rootKey": "XT+8OJAkQu76ZF7brwmm4gMB+fLIdwp7wwzvfgFhFX8="
            },
            "indexInfo": {
              "baseKey": "BcegqGCouw73WTaWNZVO+RsPql4uJUV8B/GOWUneq/Rf",
              "baseKeyType": 2,
              "closed": -1,
              "used": 1661090113898,
              "created": 1661090113898,
              "remoteIdentityKey": "BenED5GsUqB6bP5+H1sFV5Z8fXXCURNrDV1LQtVEj1kp"
            },
            "_chains": {
              "BcOCplo5qwzxhUK/3OqL1prjG0yvgOzp2f1R++RaEqp1": {
                "chainKey": {
                  "counter": 0,
                  "key": "OarzhpWYEkww+UVE5jMlpbobyZNMDDi+khBUnBB/4dc="
                },
                "chainType": 2,
                "messageKeys": {}
              },
              "BVJdqUh5GDXbfKbkAF3uzhBZqjSvX8un0GxVoB/yd2Na": {
                "chainKey": {
                  "counter": -1,
                  "key": "aQuza20rNydUULm89nsNiem5HNGQXrPDUwv96m//3d8="
                },
                "chainType": 1,
                "messageKeys": {}
              }
            }
          }
        },
        "version": "v1"
      },
      "558588199556.0": {
        "_sessions": {
          "BYOimE+WeTuDBtD6aZ5udGg2a8GptVWStR0q7jkHkuFp": {
            "registrationId": 2003921455,
            "currentRatchet": {
              "ephemeralKeyPair": {
                "pubKey": "BfCSO+dba3woTvhecHkk9x07bmDfjN3YufSeNFJq0t5m",
                "privKey": "2CVg0agxVcqcwLQIjsxXYI0SowKb8x9kWXyyjRpe2kI="
              },
              "lastRemoteEphemeralKey": "BXgjKK2R46UmlDVrR+L+67K9yVnpss7LOzdm2tf/x/9S",
              "previousCounter": 0,
              "rootKey": "cGFgYbGBkCg2Gd+Ndp7SYa8Tf5AjvSBaWH5mv2BrKoA="
            },
            "indexInfo": {
              "baseKey": "BYOimE+WeTuDBtD6aZ5udGg2a8GptVWStR0q7jkHkuFp",
              "baseKeyType": 1,
              "closed": 1661293962591,
              "used": 1661293962371,
              "created": 1661293962371,
              "remoteIdentityKey": "BXiPo/bOS5qpVKHgzmVCrE78MuHiQCviCy8Z18dJM/dO"
            },
            "_chains": {
              "BfCSO+dba3woTvhecHkk9x07bmDfjN3YufSeNFJq0t5m": {
                "chainKey": {
                  "counter": 0,
                  "key": "GIv+X1SiiQbrV2HdGGYsjQP8bKHBllKTeWprujZybeg="
                },
                "chainType": 1,
                "messageKeys": {}
              }
            },
            "pendingPreKey": {
              "signedKeyId": 9,
              "baseKey": "BYOimE+WeTuDBtD6aZ5udGg2a8GptVWStR0q7jkHkuFp",
              "preKeyId": 3825538
            }
          },
          "BcvHXD7qwXQQHeawPzNqxUqxe23eT6KxSFGM9kDLhz9r": {
            "registrationId": 2003921455,
            "currentRatchet": {
              "ephemeralKeyPair": {
                "pubKey": "Bd+T2uudJ9rePCbFQWBN9UMhcHyUSUgnH3D0LtCct2ky",
                "privKey": "eADix6E6Xt7DInIiXyXG9H/9i6RSsgfpeGfIfZqOaXg="
              },
              "lastRemoteEphemeralKey": "Bbe8e3jv0StsJQIAfKwW761hxvClXS+uns5k3ZVo/mkx",
              "previousCounter": 0,
              "rootKey": "pyd9yTaEtSb7Uq+u4dge8qHiVdDaEiQzMXV6B7k/NNQ="
            },
            "indexInfo": {
              "baseKey": "BcvHXD7qwXQQHeawPzNqxUqxe23eT6KxSFGM9kDLhz9r",
              "baseKeyType": 2,
              "closed": -1,
              "used": 1661293988487,
              "created": 1661293962610,
              "remoteIdentityKey": "BXiPo/bOS5qpVKHgzmVCrE78MuHiQCviCy8Z18dJM/dO"
            },
            "_chains": {
              "BcnhvrBFISbGQseHxPo++JUyQH2PCkc7qrMPCdTTNYRr": {
                "chainKey": {
                  "counter": 0
                },
                "chainType": 2,
                "messageKeys": {}
              },
              "BanqZoKegGuRumvh0wQQW9iybOVWaPV/xIfN1HAwzFJq": {
                "chainKey": {
                  "counter": 0
                },
                "chainType": 2,
                "messageKeys": {}
              },
              "BaEg06M5TSnFLCwiQf9NF4X6u1iDOZTm7rZnhNcidfB2": {
                "chainKey": {
                  "counter": 0
                },
                "chainType": 2,
                "messageKeys": {}
              },
              "Bbe8e3jv0StsJQIAfKwW761hxvClXS+uns5k3ZVo/mkx": {
                "chainKey": {
                  "counter": 0,
                  "key": "rhgD82cQFgH7alHM9NGrrIfGTETNOkHYNNAIWIvUaPA="
                },
                "chainType": 2,
                "messageKeys": {}
              },
              "Bd+T2uudJ9rePCbFQWBN9UMhcHyUSUgnH3D0LtCct2ky": {
                "chainKey": {
                  "counter": 2,
                  "key": "DaAIPi0U8jvU6RBeDagOpgk4wfYvCa0qDZ1VHGwJQG0="
                },
                "chainType": 1,
                "messageKeys": {}
              }
            }
          }
        },
        "version": "v1"
      },
      "558599058960.0": {
        "_sessions": {
          "BUH1s9XF4qPbEqu8IW8iQlTB3xKddCtHoPjw4mrqUjN3": {
            "registrationId": 1882274336,
            "currentRatchet": {
              "ephemeralKeyPair": {
                "pubKey": "BaD5qpoeP9hejsFOONr9fMa/CsPbXnYI0IXJFpqCMSBW",
                "privKey": "GFUh/ZU/Boy4yrsIZFnkbg4V3XUaRZeHmF7H3mYHB04="
              },
              "lastRemoteEphemeralKey": "BUiLUAUcOx7v0rb12/Tch6BFIpJ/UZ4BB523wyzF2v5C",
              "previousCounter": 0,
              "rootKey": "N/1QR8nNp+9KOMmEZLC+69bUUuSJp590ddiRX2zqwRk="
            },
            "indexInfo": {
              "baseKey": "BUH1s9XF4qPbEqu8IW8iQlTB3xKddCtHoPjw4mrqUjN3",
              "baseKeyType": 2,
              "closed": -1,
              "used": 1661298428271,
              "created": 1661298428271,
              "remoteIdentityKey": "BU1drBbkVZRZ6hhqvPEsz+h4Lvc121p+4gdnsY9i6DZD"
            },
            "_chains": {
              "BUiLUAUcOx7v0rb12/Tch6BFIpJ/UZ4BB523wyzF2v5C": {
                "chainKey": {
                  "counter": 0,
                  "key": "O8y43fj408apfPw3fnWokaVIKNxxzcoggvYlmt7vPLY="
                },
                "chainType": 2,
                "messageKeys": {}
              },
              "BaD5qpoeP9hejsFOONr9fMa/CsPbXnYI0IXJFpqCMSBW": {
                "chainKey": {
                  "counter": -1,
                  "key": "h8UMqGz45pSdq/tJ7zoPcSFY1WCsmShOZQtJG2vbCnA="
                },
                "chainType": 1,
                "messageKeys": {}
              }
            }
          }
        },
        "version": "v1"
      }
    },
    "appStateSyncKeys": {
      "AAAAANyx": {
        "keyData": "+f2qAE7wXnULz31xArahEuc2C071xeXVjh/pc6nyAWM=",
        "fingerprint": {
          "rawId": 1520316970,
          "currentIndex": 1,
          "deviceIndexes": [
            0,
            1
          ]
        },
        "timestamp": "1659191349487"
      },
      "AAAAANyy": {
        "keyData": "CCzX1bzT6vwaA4qWYHuFdY968ZKDSodSeY+eNPs5I8w=",
        "fingerprint": {
          "rawId": 1520316971,
          "currentIndex": 1,
          "deviceIndexes": [
            0,
            1
          ]
        },
        "timestamp": "0"
      },
      "AAAAANyw": {
        "keyData": "noU8TuCGt0PQYQsNma476pF9gqYTL+fp2xJEqirrT+Q=",
        "fingerprint": {
          "rawId": 1520316969,
          "currentIndex": 1,
          "deviceIndexes": [
            0,
            1
          ]
        },
        "timestamp": "0"
      },
      "AAAAANyz": {
        "keyData": "wXg1aHxp0cQDUhmxX9c4IUjlwKFfRNIHKtcarENRi7I=",
        "fingerprint": {
          "rawId": 1520316972,
          "currentIndex": 1,
          "deviceIndexes": [
            0,
            1
          ]
        },
        "timestamp": "0"
      },
      "AAAAANy0": {
        "keyData": "VeCtf5/7ferhdGATRQQkku3Tbl264Do006gTxzQvlZY=",
        "fingerprint": {
          "rawId": 1520316973,
          "currentIndex": 1,
          "deviceIndexes": [
            0,
            1
          ]
        },
        "timestamp": "0"
      }
    },
    "senderKeys": {
      "status@broadcast::558599568848::0": [
        {
          "senderKeyId": 399641712,
          "senderChainKey": {
            "iteration": 1,
            "seed": "GG/UowYSlkJYk41fxNmdDDtE29OwxWy3h2bcxMjKk0s="
          },
          "senderSigningKey": {
            "public": "BWkf5y+ERTz3LSWwDIgd9azvxMv+3l8GFjLWTaTGIEta"
          },
          "senderMessageKeys": []
        },
        {
          "senderKeyId": 2132701089,
          "senderChainKey": {
            "iteration": 0,
            "seed": "UvlPSovg7YtjvBTDPVY+zkGLQO/82tupMsl1fFV0+Gk="
          },
          "senderSigningKey": {
            "public": "BQUJTPjfD1gTDdrMBXVcWbI8eMGd/UzUhmOtzWY7Q1tp"
          }
        }
      ],
      "status@broadcast::558587979801::0": [
        {
          "senderKeyId": 836837367,
          "senderChainKey": {
            "iteration": 2,
            "seed": "Smy4ecB1w83VYuDvni9XrUOEkoclnHd+T+vC6RBruHg="
          },
          "senderSigningKey": {
            "public": "BW0fN4pwCfA+COeODtESmx+cfEy/M/lHwjEbdJpkJghH"
          }
        }
      ],
      "status@broadcast::558599058960::0": [
        {
          "senderKeyId": 956241985,
          "senderChainKey": {
            "iteration": 2,
            "seed": "1zUyb+zsMdE0xr4i3Mx0aDL841m0V+eiLPQF5oFGc1A="
          },
          "senderSigningKey": {
            "public": "BW/KfCtePkJrESsxlR0Ski0cxXBtbHlBH6hVU7G2CnBY"
          }
        }
      ]
    }
  }
}