[
    {
        "user": "francisca.maria",
        "password": "T9G1dp"
    },
    {
        "user": "irene.ribeiro",
        "password": "2a3sPR"
    },
    {
        "user": "francilio.zidiexjs",
        "password": "E95gZy"
    },
    {
        "user": "antonio.wagner",
        "password": "KHg17p"
    },
    {
        "user": "rodrigo.pessoa",
        "password": "c275222e"
    },
    {
        "user": "antonio.lopes",
        "password": "NB8n6f"
    },
    {
        "user": "valeria.bezerra",
        "password": "XrRy3"
    },
    {
        "user": "joseodario",
        "password": "12bBSt"
    },
    {
        "user": "scarlett.mendes",
        "password": "ZaA91z"
    },
    {
        "user": "learodriguess",
        "password": "QWsKd"
    },
    {
        "user": "gustavo.gugu",
        "password": "guPBJ5"
    }

]